{
	"name":				"Table Tennis",
	"outcomes": [
						{ "name" : "Win", "condition" : ">" },
						{ "name" : "Loss", "condition" : "<" },
						"Forfeit"
	],
	"results": [
						{ "name" : "1", "description" : "1st set" },
						{ "name" : "2", "description" : "2nd set" },
						{ "name" : "3", "description" : "3rd set" },
						{ "name" : "4", "description" : "4th set" },
						{ "name" : "5", "description" : "5th set" },
						{ "name" : "Sets", "description" : "Sets won", "primary" : 1 }
	],
	"performance": [
	],
	"columns": [
						{ "name" : "P", "equation" : "$eventsplayed", "description" : "Matches played" },
						{ "name" : "W", "equation" : "$win", "description" : "Wins" },
						{ "name" : "L", "equation" : "$loss", "description" : "Losses" },
						{ "name" : "F", "equation" : "$setsfor", "description" : "Sets for" },
						{ "name" : "A", "equation" : "$setsagainst", "description" : "Sets against" },
						{ "name" : "%", "id" : "percent", "equation" : "$setsfor / $setsagainst * 100", "precision" : 2, "description" : "For/against ratio", "priority" : 2 },
						{ "name" : "Points", "equation" : "$win * 3 + $loss", "priority" : 1 }
	],
	"metrics": [
						"Height",
						"Weight"
	],
	"statistics": [
	]
}
